date,day_name,day_number,day_label,week_type,platform,campaign_id,campaign_name,group_id,group_name,impressions,clicks,spend,conversions,conversion_value,video_views,video_watch_25,video_watch_50,video_watch_75,video_watch_100,engagement_rate,reach,frequency,likes,shares,comments,engagement_count,google_ctr,avg_cpc,quality_score,search_impression_share
2024-01-21,Sunday,7,07 Sunday,Weekend,Facebook,fb_1002,Conversions_Retargeting,fbset_2002,Cart_Abandoners,10234,467,178.4,30,,945,,,,,0.0456,8456,1.21,,,,467,,,,
2024-01-14,Sunday,7,07 Sunday,Weekend,Facebook,fb_1002,Conversions_Retargeting,fbset_2002,Cart_Abandoners,10567,489,185.9,29,,998,,,,,0.0463,8234,1.28,,,,489,,,,
2024-01-28,Sunday,7,07 Sunday,Weekend,Facebook,fb_1002,Conversions_Retargeting,fbset_2002,Cart_Abandoners,11456,523,192.3,33,,1089,,,,,0.0457,8967,1.28,,,,524,,,,
2024-01-03,Wednesday,3,03 Wednesday,Weekday,Facebook,fb_1002,Conversions_Retargeting,fbset_2002,Cart_Abandoners,11234,489,198.7,31,,1123,,,,,0.0435,8901,1.26,,,,489,,,,
2024-01-13,Saturday,6,06 Saturday,Weekend,Facebook,fb_1002,Conversions_Retargeting,fbset_2002,Cart_Abandoners,11234,523,198.6,32,,1123,,,,,0.0466,8901,1.27,,,,524,,,,
2024-01-20,Saturday,6,06 Saturday,Weekend,Facebook,fb_1002,Conversions_Retargeting,fbset_2002,Cart_Abandoners,11890,545,202.3,34,,1156,,,,,0.0458,9567,1.28,,,,545,,,,
2024-01-08,Monday,1,01 Monday,Weekday,Facebook,fb_1002,Conversions_Retargeting,fbset_2002,Cart_Abandoners,12123,534,212.4,35,,1234,,,,,0.0441,9567,1.27,,,,535,,,,
2024-01-01,Monday,1,01 Monday,Weekday,Facebook,fb_1002,Conversions_Retargeting,fbset_2002,Cart_Abandoners,12456,567,215.8,34,,1234,,,,,0.0455,9876,1.26,,,,567,,,,
2024-01-22,Monday,1,01 Monday,Weekday,Facebook,fb_1002,Conversions_Retargeting,fbset_2002,Cart_Abandoners,12456,567,209.6,36,,1234,,,,,0.0455,9876,1.26,,,,567,,,,
2024-01-27,Saturday,6,06 Saturday,Weekend,Facebook,fb_1002,Conversions_Retargeting,fbset_2002,Cart_Abandoners,12567,567,209.4,36,,1267,,,,,0.0451,9890,1.27,,,,567,,,,
2024-01-15,Monday,1,01 Monday,Weekday,Facebook,fb_1002,Conversions_Retargeting,fbset_2002,Cart_Abandoners,12890,567,221.3,37,,1345,,,,,0.044,10123,1.27,,,,567,,,,
2024-01-05,Friday,5,05 Friday,Weekday,Facebook,fb_1002,Conversions_Retargeting,fbset_2002,Cart_Abandoners,12890,567,220.3,36,,1345,,,,,0.044,10123,1.27,,,,567,,,,
2024-01-29,Monday,1,01 Monday,Weekday,Facebook,fb_1002,Conversions_Retargeting,fbset_2002,Cart_Abandoners,13234,612,226.5,39,,1345,,,,,0.0463,10456,1.27,,,,613,,,,
2024-01-19,Friday,5,05 Friday,Weekday,Facebook,fb_1002,Conversions_Retargeting,fbset_2002,Cart_Abandoners,13890,634,235.8,40,,1378,,,,,0.0457,10890,1.27,,,,635,,,,
2024-01-12,Friday,5,05 Friday,Weekday,Facebook,fb_1002,Conversions_Retargeting,fbset_2002,Cart_Abandoners,13456,634,239.7,39,,1378,,,,,0.0471,10567,1.27,,,,634,,,,
2024-01-30,Tuesday,2,02 Tuesday,Weekday,Facebook,fb_1002,Conversions_Retargeting,fbset_2002,Cart_Abandoners,14123,645,236.9,41,,1423,,,,,0.0457,11123,1.27,,,,645,,,,
2024-01-07,Sunday,7,07 Sunday,Weekend,Facebook,fb_1002,Conversions_Retargeting,fbset_2002,Cart_Abandoners,13456,623,237.8,40,,1456,,,,,0.0463,10567,1.27,,,,623,,,,
2024-01-26,Friday,5,05 Friday,Weekday,Facebook,fb_1002,Conversions_Retargeting,fbset_2002,Cart_Abandoners,14234,689,254.7,44,,1456,,,,,0.0484,11234,1.27,,,,689,,,,
2024-01-02,Tuesday,2,02 Tuesday,Weekday,Facebook,fb_1002,Conversions_Retargeting,fbset_2002,Cart_Abandoners,13678,623,234.5,38,,1456,,,,,0.0455,10234,1.34,,,,622,,,,
2024-01-18,Thursday,4,04 Thursday,Weekday,Facebook,fb_1002,Conversions_Retargeting,fbset_2002,Cart_Abandoners,14567,689,253.4,43,,1489,,,,,0.0473,11567,1.26,,,,689,,,,
2024-01-10,Wednesday,3,03 Wednesday,Weekday,Facebook,fb_1002,Conversions_Retargeting,fbset_2002,Cart_Abandoners,13789,645,241.2,41,,1489,,,,,0.0468,10789,1.28,,,,645,,,,
2024-01-23,Tuesday,2,02 Tuesday,Weekday,Facebook,fb_1002,Conversions_Retargeting,fbset_2002,Cart_Abandoners,13789,623,229.8,38,,1489,,,,,0.0452,10789,1.28,,,,623,,,,
2024-01-16,Tuesday,2,02 Tuesday,Weekday,Facebook,fb_1002,Conversions_Retargeting,fbset_2002,Cart_Abandoners,14234,678,248.5,42,,1567,,,,,0.0477,11234,1.27,,,,679,,,,
2024-01-04,Thursday,4,04 Thursday,Weekday,Facebook,fb_1002,Conversions_Retargeting,fbset_2002,Cart_Abandoners,14567,678,245.6,42,,1567,,,,,0.0465,11234,1.3,,,,677,,,,
2024-01-24,Wednesday,3,03 Wednesday,Weekday,Facebook,fb_1002,Conversions_Retargeting,fbset_2002,Cart_Abandoners,14890,712,251.6,43,,1578,,,,,0.0478,11790,1.26,,,,712,,,,
2024-01-11,Thursday,4,04 Thursday,Weekday,Facebook,fb_1002,Conversions_Retargeting,fbset_2002,Cart_Abandoners,14567,723,256.4,44,,1612,,,,,0.0496,11456,1.27,,,,723,,,,
2024-01-25,Thursday,4,04 Thursday,Weekday,Facebook,fb_1002,Conversions_Retargeting,fbset_2002,Cart_Abandoners,15678,756,268.9,47,,1678,,,,,0.0482,12345,1.27,,,,756,,,,
2024-01-17,Wednesday,3,03 Wednesday,Weekday,Facebook,fb_1002,Conversions_Retargeting,fbset_2002,Cart_Abandoners,15234,734,264.7,46,,1678,,,,,0.0482,12123,1.26,,,,734,,,,
2024-01-21,Sunday,7,07 Sunday,Weekend,Facebook,fb_1003,Traffic_Drive_Jan,fbset_2003,Lookalike_Purchasers,32890,1178,171.2,22,,3789,,,,,0.0358,27234,1.21,,,,1177,,,,
2024-01-14,Sunday,7,07 Sunday,Weekend,Facebook,fb_1003,Traffic_Drive_Jan,fbset_2003,Lookalike_Purchasers,31234,1123,173.8,21,,3890,,,,,0.036,26123,1.2,,,,1124,,,,
2024-01-28,Sunday,7,07 Sunday,Weekend,Facebook,fb_1003,Traffic_Drive_Jan,fbset_2003,Lookalike_Purchasers,33567,1203,184.5,25,,4123,,,,,0.0358,27890,1.2,,,,1202,,,,
2024-01-13,Saturday,6,06 Saturday,Weekend,Facebook,fb_1003,Traffic_Drive_Jan,fbset_2003,Lookalike_Purchasers,33456,1203,185.3,23,,4234,,,,,0.036,27890,1.2,,,,1204,,,,
2024-01-22,Monday,1,01 Monday,Weekday,Facebook,fb_1003,Traffic_Drive_Jan,fbset_2003,Lookalike_Purchasers,35123,1267,194.5,26,,4345,,,,,0.0361,29123,1.21,,,,1268,,,,
2024-01-27,Saturday,6,06 Saturday,Weekend,Facebook,fb_1003,Traffic_Drive_Jan,fbset_2003,Lookalike_Purchasers,35890,1289,197.8,27,,4567,,,,,0.0359,29567,1.21,,,,1288,,,,
2024-01-01,Monday,1,01 Monday,Weekday,Facebook,fb_1003,Traffic_Drive_Jan,fbset_2003,Lookalike_Purchasers,34567,1234,189.9,23,,4567,,,,,0.0357,28934,1.19,,,,1234,,,,
2024-01-20,Saturday,6,06 Saturday,Weekend,Facebook,fb_1003,Traffic_Drive_Jan,fbset_2003,Lookalike_Purchasers,34567,1234,189.6,24,,4567,,,,,0.0357,28934,1.19,,,,1234,,,,
2024-01-06,Saturday,6,06 Saturday,Weekend,Facebook,fb_1003,Traffic_Drive_Jan,fbset_2003,Lookalike_Purchasers,35678,1289,195.6,24,,4678,,,,,0.0361,29345,1.22,,,,1288,,,,
2024-01-29,Monday,1,01 Monday,Weekday,Facebook,fb_1003,Traffic_Drive_Jan,fbset_2003,Lookalike_Purchasers,36234,1334,203.7,28,,4678,,,,,0.0368,30123,1.2,,,,1333,,,,
2024-01-15,Monday,1,01 Monday,Weekday,Facebook,fb_1003,Traffic_Drive_Jan,fbset_2003,Lookalike_Purchasers,35678,1289,196.6,25,,4678,,,,,0.0361,29345,1.22,,,,1288,,,,
2024-01-09,Tuesday,2,02 Tuesday,Weekday,Facebook,fb_1003,Traffic_Drive_Jan,fbset_2003,Lookalike_Purchasers,36456,1312,199.8,26,,4823,,,,,0.036,30234,1.21,,,,1312,,,,
2024-01-23,Tuesday,2,02 Tuesday,Weekday,Facebook,fb_1003,Traffic_Drive_Jan,fbset_2003,Lookalike_Purchasers,37456,1389,213.4,29,,4890,,,,,0.0371,30567,1.22,,,,1390,,,,
2024-01-02,Tuesday,2,02 Tuesday,Weekday,Facebook,fb_1003,Traffic_Drive_Jan,fbset_2003,Lookalike_Purchasers,36789,1345,201.3,25,,4890,,,,,0.0366,30123,1.22,,,,1346,,,,
2024-01-30,Tuesday,2,02 Tuesday,Weekday,Facebook,fb_1003,Traffic_Drive_Jan,fbset_2003,Lookalike_Purchasers,37890,1412,216.5,30,,4956,,,,,0.0373,30890,1.23,,,,1413,,,,
2024-01-19,Friday,5,05 Friday,Weekday,Facebook,fb_1003,Traffic_Drive_Jan,fbset_2003,Lookalike_Purchasers,37234,1367,209.9,28,,5012,,,,,0.0367,30678,1.21,,,,1366,,,,
2024-01-12,Friday,5,05 Friday,Weekday,Facebook,fb_1003,Traffic_Drive_Jan,fbset_2003,Lookalike_Purchasers,37890,1398,212.4,28,,5012,,,,,0.0369,30890,1.23,,,,1398,,,,
2024-01-07,Sunday,7,07 Sunday,Weekend,Facebook,fb_1003,Traffic_Drive_Jan,fbset_2003,Lookalike_Purchasers,37234,1367,207.9,27,,5012,,,,,0.0367,30678,1.21,,,,1366,,,,
2024-01-16,Tuesday,2,02 Tuesday,Weekday,Facebook,fb_1003,Traffic_Drive_Jan,fbset_2003,Lookalike_Purchasers,38456,1423,218.7,30,,5123,,,,,0.037,31234,1.23,,,,1423,,,,
2024-01-26,Friday,5,05 Friday,Weekday,Facebook,fb_1003,Traffic_Drive_Jan,fbset_2003,Lookalike_Purchasers,38890,1445,231.2,32,,5123,,,,,0.0372,31567,1.23,,,,1447,,,,
2024-01-10,Wednesday,3,03 Wednesday,Weekday,Facebook,fb_1003,Traffic_Drive_Jan,fbset_2003,Lookalike_Purchasers,38456,1423,217.5,29,,5123,,,,,0.037,31234,1.23,,,,1423,,,,
2024-01-03,Wednesday,3,03 Wednesday,Weekday,Facebook,fb_1003,Traffic_Drive_Jan,fbset_2003,Lookalike_Purchasers,38901,1456,213.4,28,,5234,,,,,0.0375,31456,1.24,,,,1459,,,,
2024-01-18,Thursday,4,04 Thursday,Weekday,Facebook,fb_1003,Traffic_Drive_Jan,fbset_2003,Lookalike_Purchasers,38901,1456,224.5,31,,5234,,,,,0.0374,31456,1.24,,,,1455,,,,
2024-01-24,Wednesday,3,03 Wednesday,Weekday,Facebook,fb_1003,Traffic_Drive_Jan,fbset_2003,Lookalike_Purchasers,39234,1489,227.9,32,,5234,,,,,0.0379,32123,1.22,,,,1487,,,,
2024-01-25,Thursday,4,04 Thursday,Weekday,Facebook,fb_1003,Traffic_Drive_Jan,fbset_2003,Lookalike_Purchasers,40567,1567,238.6,34,,5456,,,,,0.0386,33234,1.22,,,,1566,,,,
2024-01-17,Wednesday,3,03 Wednesday,Weekday,Facebook,fb_1003,Traffic_Drive_Jan,fbset_2003,Lookalike_Purchasers,40123,1534,232.8,33,,5456,,,,,0.0382,32890,1.22,,,,1533,,,,
2024-01-11,Thursday,4,04 Thursday,Weekday,Facebook,fb_1003,Traffic_Drive_Jan,fbset_2003,Lookalike_Purchasers,39789,1534,225.8,31,,5456,,,,,0.0386,32567,1.22,,,,1536,,,,
2024-01-14,Sunday,7,07 Sunday,Weekend,Facebook,fb_1001,Brand_Awareness_Q1,fbset_2001,Broad_Audience_18-35,40123,798,114.7,11,,7345,,,,,0.0199,33456,1.2,,,,798,,,,
2024-01-21,Sunday,7,07 Sunday,Weekend,Facebook,fb_1001,Brand_Awareness_Q1,fbset_2001,Broad_Audience_18-35,41567,823,118.9,12,,7456,,,,,0.0198,35123,1.18,,,,823,,,,
2024-01-02,Tuesday,2,02 Tuesday,Weekday,Facebook,fb_1001,Brand_Awareness_Q1,fbset_2001,Broad_Audience_18-35,42345,823,118.2,10,,7890,,,,,0.0194,36789,1.15,,,,821,,,,
2024-01-20,Saturday,6,06 Saturday,Weekend,Facebook,fb_1001,Brand_Awareness_Q1,fbset_2001,Broad_Audience_18-35,43234,878,125.7,13,,7890,,,,,0.0203,36567,1.18,,,,878,,,,
2024-01-13,Saturday,6,06 Saturday,Weekend,Facebook,fb_1001,Brand_Awareness_Q1,fbset_2001,Broad_Audience_18-35,42345,856,121.5,12,,7890,,,,,0.0202,35678,1.19,,,,855,,,,
2024-01-06,Saturday,6,06 Saturday,Weekend,Facebook,fb_1001,Brand_Awareness_Q1,fbset_2001,Broad_Audience_18-35,44567,878,125.6,11,,8123,,,,,0.0197,37456,1.19,,,,878,,,,
2024-01-28,Sunday,7,07 Sunday,Weekend,Facebook,fb_1001,Brand_Awareness_Q1,fbset_2001,Broad_Audience_18-35,44567,890,127.6,13,,8123,,,,,0.02,37456,1.19,,,,891,,,,
2024-01-01,Monday,1,01 Monday,Weekday,Facebook,fb_1001,Brand_Awareness_Q1,fbset_2001,Broad_Audience_18-35,45623,892,127.5,12,,8234,,,,,0.0195,38234,1.19,,,,890,,,,
2024-01-22,Monday,1,01 Monday,Weekday,Facebook,fb_1001,Brand_Awareness_Q1,fbset_2001,Broad_Audience_18-35,45234,912,129.8,14,,8234,,,,,0.0202,38567,1.17,,,,914,,,,
2024-01-27,Saturday,6,06 Saturday,Weekend,Facebook,fb_1001,Brand_Awareness_Q1,fbset_2001,Broad_Audience_18-35,46234,934,133.8,15,,8456,,,,,0.0202,38890,1.19,,,,934,,,,
2024-01-15,Monday,1,01 Monday,Weekday,Facebook,fb_1001,Brand_Awareness_Q1,fbset_2001,Broad_Audience_18-35,46789,934,132.4,14,,8567,,,,,0.02,39234,1.19,,,,936,,,,
2024-01-05,Friday,5,05 Friday,Weekday,Facebook,fb_1001,Brand_Awareness_Q1,fbset_2001,Broad_Audience_18-35,46789,934,131.2,13,,8567,,,,,0.02,39234,1.19,,,,936,,,,
2024-01-29,Monday,1,01 Monday,Weekday,Facebook,fb_1001,Brand_Awareness_Q1,fbset_2001,Broad_Audience_18-35,47890,967,138.4,15,,8789,,,,,0.0202,40234,1.19,,,,967,,,,
2024-01-19,Friday,5,05 Friday,Weekday,Facebook,fb_1001,Brand_Awareness_Q1,fbset_2001,Broad_Audience_18-35,47890,967,138.4,15,,8789,,,,,0.0202,40234,1.19,,,,967,,,,
2024-01-08,Monday,1,01 Monday,Weekday,Facebook,fb_1001,Brand_Awareness_Q1,fbset_2001,Broad_Audience_18-35,47234,945,135.4,14,,8789,,,,,0.02,39567,1.19,,,,945,,,,
2024-01-03,Wednesday,3,03 Wednesday,Weekday,Facebook,fb_1001,Brand_Awareness_Q1,fbset_2001,Broad_Audience_18-35,48234,967,134.8,14,,8901,,,,,0.0201,40123,1.2,,,,970,,,,
2024-01-10,Wednesday,3,03 Wednesday,Weekday,Facebook,fb_1001,Brand_Awareness_Q1,fbset_2001,Broad_Audience_18-35,48567,978,137.8,14,,8945,,,,,0.0201,40456,1.2,,,,976,,,,
2024-01-23,Tuesday,2,02 Tuesday,Weekday,Facebook,fb_1001,Brand_Awareness_Q1,fbset_2001,Broad_Audience_18-35,48567,989,140.3,15,,8945,,,,,0.0204,40456,1.2,,,,991,,,,
2024-01-30,Tuesday,2,02 Tuesday,Weekday,Facebook,fb_1001,Brand_Awareness_Q1,fbset_2001,Broad_Audience_18-35,49234,1001,142.8,16,,9012,,,,,0.0203,41567,1.18,,,,999,,,,
2024-01-18,Thursday,4,04 Thursday,Weekday,Facebook,fb_1001,Brand_Awareness_Q1,fbset_2001,Broad_Audience_18-35,49567,1012,144.6,16,,9123,,,,,0.0204,41890,1.18,,,,1011,,,,
2024-01-12,Friday,5,05 Friday,Weekday,Facebook,fb_1001,Brand_Awareness_Q1,fbset_2001,Broad_Audience_18-35,49234,1012,140.3,15,,9123,,,,,0.0206,41567,1.18,,,,1014,,,,
2024-01-26,Friday,5,05 Friday,Weekday,Facebook,fb_1001,Brand_Awareness_Q1,fbset_2001,Broad_Audience_18-35,50123,1034,147.5,17,,9123,,,,,0.0206,41890,1.2,,,,1033,,,,
2024-01-04,Thursday,4,04 Thursday,Weekday,Facebook,fb_1001,Brand_Awareness_Q1,fbset_2001,Broad_Audience_18-35,51234,1023,142.3,15,,9234,,,,,0.02,42567,1.2,,,,1025,,,,
2024-01-16,Tuesday,2,02 Tuesday,Weekday,Facebook,fb_1001,Brand_Awareness_Q1,fbset_2001,Broad_Audience_18-35,50234,1023,143.8,16,,9234,,,,,0.0204,42345,1.19,,,,1025,,,,
2024-01-24,Wednesday,3,03 Wednesday,Weekday,Facebook,fb_1001,Brand_Awareness_Q1,fbset_2001,Broad_Audience_18-35,51234,1067,149.7,17,,9234,,,,,0.0208,42567,1.2,,,,1066,,,,
2024-01-09,Tuesday,2,02 Tuesday,Weekday,Facebook,fb_1001,Brand_Awareness_Q1,fbset_2001,Broad_Audience_18-35,50123,1012,141.7,15,,9345,,,,,0.0202,41890,1.2,,,,1012,,,,
2024-01-17,Wednesday,3,03 Wednesday,Weekday,Facebook,fb_1001,Brand_Awareness_Q1,fbset_2001,Broad_Audience_18-35,51789,1089,152.3,18,,9567,,,,,0.021,43567,1.19,,,,1088,,,,
2024-01-07,Sunday,7,07 Sunday,Weekend,Facebook,fb_1001,Brand_Awareness_Q1,fbset_2001,Broad_Audience_18-35,49876,1067,145.9,16,,9567,,,,,0.0214,41234,1.21,,,,1067,,,,
2024-01-25,Thursday,4,04 Thursday,Weekday,Facebook,fb_1001,Brand_Awareness_Q1,fbset_2001,Broad_Audience_18-35,52789,1123,156.4,18,,9567,,,,,0.0213,43890,1.2,,,,1124,,,,
2024-01-11,Thursday,4,04 Thursday,Weekday,Facebook,fb_1001,Brand_Awareness_Q1,fbset_2001,Broad_Audience_18-35,52123,1089,148.6,17,,9567,,,,,0.0209,43234,1.21,,,,1089,,,,
2024-01-14,Sunday,7,07 Sunday,Weekend,Facebook,fb_1004,Video_Views_Campaign,fbset_2004,Video_Enthusiasts,61234,223,78.9,4,,40567,,,,,0.0036,50123,1.22,,,,220,,,,
2024-01-21,Sunday,7,07 Sunday,Weekend,Facebook,fb_1004,Video_Views_Campaign,fbset_2004,Video_Enthusiasts,62345,223,76.3,4,,41234,,,,,0.0036,51567,1.2,,,,224,,,,
2024-01-13,Saturday,6,06 Saturday,Weekend,Facebook,fb_1004,Video_Views_Campaign,fbset_2004,Video_Enthusiasts,64567,238,83.4,5,,43234,,,,,0.0037,52890,1.22,,,,239,,,,
2024-01-20,Saturday,6,06 Saturday,Weekend,Facebook,fb_1004,Video_Views_Campaign,fbset_2004,Video_Enthusiasts,65234,234,81.2,5,,43567,,,,,0.0036,53456,1.19,,,,235,,,,
2024-01-28,Sunday,7,07 Sunday,Weekend,Facebook,fb_1004,Video_Views_Campaign,fbset_2004,Video_Enthusiasts,65789,234,80.4,4,,43890,,,,,0.0036,54123,1.21,,,,237,,,,
2024-01-22,Monday,1,01 Monday,Weekday,Facebook,fb_1004,Video_Views_Campaign,fbset_2004,Video_Enthusiasts,66789,245,84.7,5,,44567,,,,,0.0037,54890,1.22,,,,247,,,,
2024-01-04,Thursday,4,04 Thursday,Weekday,Facebook,fb_1004,Video_Views_Campaign,fbset_2004,Video_Enthusiasts,67890,234,89.5,5,,45678,,,,,0.0034,56789,1.2,,,,231,,,,
2024-01-27,Saturday,6,06 Saturday,Weekend,Facebook,fb_1004,Video_Views_Campaign,fbset_2004,Video_Enthusiasts,68234,245,85.9,5,,45678,,,,,0.0036,55890,1.22,,,,246,,,,
2024-01-15,Monday,1,01 Monday,Weekday,Facebook,fb_1004,Video_Views_Campaign,fbset_2004,Video_Enthusiasts,68456,248,87.6,6,,46234,,,,,0.0036,56789,1.21,,,,246,,,,
2024-01-29,Monday,1,01 Monday,Weekday,Facebook,fb_1004,Video_Views_Campaign,fbset_2004,Video_Enthusiasts,69567,253,88.7,6,,46890,,,,,0.0036,57123,1.22,,,,250,,,,
2024-01-19,Friday,5,05 Friday,Weekday,Facebook,fb_1004,Video_Views_Campaign,fbset_2004,Video_Enthusiasts,70123,253,89.4,6,,47234,,,,,0.0036,57890,1.21,,,,252,,,,
2024-01-06,Saturday,6,06 Saturday,Weekend,Facebook,fb_1004,Video_Views_Campaign,fbset_2004,Video_Enthusiasts,69456,245,91.2,5,,47234,,,,,0.0035,57890,1.2,,,,243,,,,
2024-01-23,Tuesday,2,02 Tuesday,Weekday,Facebook,fb_1004,Video_Views_Campaign,fbset_2004,Video_Enthusiasts,71234,256,90.5,6,,48123,,,,,0.0036,58567,1.22,,,,256,,,,
2024-01-09,Tuesday,2,02 Tuesday,Weekday,Facebook,fb_1004,Video_Views_Campaign,fbset_2004,Video_Enthusiasts,70123,253,93.6,6,,48234,,,,,0.0036,58456,1.2,,,,252,,,,
2024-01-18,Thursday,4,04 Thursday,Weekday,Facebook,fb_1004,Video_Views_Campaign,fbset_2004,Video_Enthusiasts,72345,261,92.7,7,,48567,,,,,0.0036,58234,1.24,,,,260,,,,
2024-01-30,Tuesday,2,02 Tuesday,Weekday,Facebook,fb_1004,Video_Views_Campaign,fbset_2004,Video_Enthusiasts,72123,261,91.3,7,,48567,,,,,0.0036,58890,1.22,,,,260,,,,
2024-01-05,Friday,5,05 Friday,Weekday,Facebook,fb_1004,Video_Views_Campaign,fbset_2004,Video_Enthusiasts,71234,256,94.8,6,,48901,,,,,0.0036,59234,1.2,,,,256,,,,
2024-01-26,Friday,5,05 Friday,Weekday,Facebook,fb_1004,Video_Views_Campaign,fbset_2004,Video_Enthusiasts,73456,261,94.6,7,,49234,,,,,0.0036,59567,1.23,,,,264,,,,
2024-01-12,Friday,5,05 Friday,Weekday,Facebook,fb_1004,Video_Views_Campaign,fbset_2004,Video_Enthusiasts,72890,261,96.8,7,,49567,,,,,0.0036,59123,1.23,,,,262,,,,
2024-01-16,Tuesday,2,02 Tuesday,Weekday,Facebook,fb_1004,Video_Views_Campaign,fbset_2004,Video_Enthusiasts,73456,267,94.2,7,,49890,,,,,0.0036,59567,1.24,,,,264,,,,
2024-01-08,Monday,1,01 Monday,Weekday,Facebook,fb_1004,Video_Views_Campaign,fbset_2004,Video_Enthusiasts,73456,267,98.3,7,,50123,,,,,0.0036,60234,1.22,,,,264,,,,
2024-01-24,Wednesday,3,03 Wednesday,Weekday,Facebook,fb_1004,Video_Views_Campaign,fbset_2004,Video_Enthusiasts,74567,267,95.8,7,,50234,,,,,0.0036,60789,1.23,,,,268,,,,
2024-01-17,Wednesday,3,03 Wednesday,Weekday,Facebook,fb_1004,Video_Views_Campaign,fbset_2004,Video_Enthusiasts,75890,278,98.5,8,,51234,,,,,0.0037,61567,1.23,,,,281,,,,
2024-01-25,Thursday,4,04 Thursday,Weekday,Facebook,fb_1004,Video_Views_Campaign,fbset_2004,Video_Enthusiasts,76890,278,99.2,8,,51567,,,,,0.0036,62890,1.23,,,,277,,,,
2024-01-11,Thursday,4,04 Thursday,Weekday,Facebook,fb_1004,Video_Views_Campaign,fbset_2004,Video_Enthusiasts,76234,278,101.5,8,,52345,,,,,0.0037,62456,1.22,,,,282,,,,
2024-01-03,Wednesday,3,03 Wednesday,Weekday,TikTok,tt_8002,Conversion_Focus,ttad_9002,Product_Demo,112345,2123,623.4,62,,82345,61234,41234,31234,21234,,,,4234,1123,212,5569,,,,
2024-01-08,Monday,1,01 Monday,Weekday,TikTok,tt_8002,Conversion_Focus,ttad_9002,Product_Demo,119234,2234,645.6,64,,85678,63456,42345,32234,22234,,,,4345,1189,223,5757,,,,
2024-01-21,Sunday,7,07 Sunday,Weekend,TikTok,tt_8002,Conversion_Focus,ttad_9002,Product_Demo,128901,2456,678.9,67,,89234,67234,45234,34234,23456,,,,4567,1234,234,6035,,,,
2024-01-01,Monday,1,01 Monday,Weekday,TikTok,tt_8002,Conversion_Focus,ttad_9002,Product_Demo,123456,2345,678.9,67,,89234,67234,45234,34234,23456,,,,4567,1234,234,6035,,,,
2024-01-05,Friday,5,05 Friday,Weekday,TikTok,tt_8002,Conversion_Focus,ttad_9002,Product_Demo,128901,2456,689.5,68,,91234,68234,45789,34567,23678,,,,4678,1267,237,6182,,,,
2024-01-14,Sunday,7,07 Sunday,Weekend,TikTok,tt_8002,Conversion_Focus,ttad_9002,Product_Demo,128901,2456,689.5,68,,91234,68234,45789,34567,23678,,,,4678,1267,237,6182,,,,
2024-01-13,Saturday,6,06 Saturday,Weekend,TikTok,tt_8002,Conversion_Focus,ttad_9002,Product_Demo,134567,2567,712.3,71,,95678,71234,48234,36234,24567,,,,4789,1345,245,6379,,,,
2024-01-02,Tuesday,2,02 Tuesday,Weekday,TikTok,tt_8002,Conversion_Focus,ttad_9002,Product_Demo,134567,2567,712.3,71,,95678,71234,48234,36234,24567,,,,4789,1345,245,6379,,,,
2024-01-15,Monday,1,01 Monday,Weekday,TikTok,tt_8002,Conversion_Focus,ttad_9002,Product_Demo,142345,2678,734.5,73,,97890,72345,48901,36789,24890,,,,4901,1356,256,6513,,,,
2024-01-20,Saturday,6,06 Saturday,Weekend,TikTok,tt_8002,Conversion_Focus,ttad_9002,Product_Demo,142345,2678,734.5,73,,97890,72345,48901,36789,24890,,,,4901,1356,256,6513,,,,
2024-01-07,Sunday,7,07 Sunday,Weekend,TikTok,tt_8002,Conversion_Focus,ttad_9002,Product_Demo,138901,2678,734.5,73,,97890,72345,48901,36789,24890,,,,4901,1356,256,6513,,,,
2024-01-10,Wednesday,3,03 Wednesday,Weekday,TikTok,tt_8002,Conversion_Focus,ttad_9002,Product_Demo,145678,2789,756.7,76,,101234,74567,50234,37890,25234,,,,5012,1423,267,6702,,,,
2024-01-28,Sunday,7,07 Sunday,Weekend,TikTok,tt_8002,Conversion_Focus,ttad_9002,Product_Demo,148901,2834,756.7,76,,101234,74567,50234,37890,25234,,,,5012,1423,267,6702,,,,
2024-01-22,Monday,1,01 Monday,Weekday,TikTok,tt_8002,Conversion_Focus,ttad_9002,Product_Demo,148901,2834,767.5,77,,103456,76234,51234,38567,25789,,,,5123,1456,278,6857,,,,
2024-01-12,Friday,5,05 Friday,Weekday,TikTok,tt_8002,Conversion_Focus,ttad_9002,Product_Demo,148901,2834,767.5,77,,103456,76234,51234,38567,25789,,,,5123,1456,278,6857,,,,
2024-01-27,Saturday,6,06 Saturday,Weekend,TikTok,tt_8002,Conversion_Focus,ttad_9002,Product_Demo,153456,2945,789.2,79,,107890,79567,53678,40234,26890,,,,5234,1456,278,6968,,,,
2024-01-19,Friday,5,05 Friday,Weekday,TikTok,tt_8002,Conversion_Focus,ttad_9002,Product_Demo,153456,2945,789.2,79,,107890,79567,53678,40234,26890,,,,5234,1456,278,6968,,,,
2024-01-11,Thursday,4,04 Thursday,Weekday,TikTok,tt_8002,Conversion_Focus,ttad_9002,Product_Demo,156789,3012,812.3,82,,109876,81234,54678,41234,27567,,,,5456,1567,289,7312,,,,
2024-01-16,Tuesday,2,02 Tuesday,Weekday,TikTok,tt_8002,Conversion_Focus,ttad_9002,Product_Demo,156789,3012,812.3,82,,109876,81234,54678,41234,27567,,,,5456,1567,289,7312,,,,
2024-01-29,Monday,1,01 Monday,Weekday,TikTok,tt_8002,Conversion_Focus,ttad_9002,Product_Demo,156789,3012,812.3,82,,109876,81234,54678,41234,27567,,,,5456,1567,289,7312,,,,
2024-01-23,Tuesday,2,02 Tuesday,Weekday,TikTok,tt_8002,Conversion_Focus,ttad_9002,Product_Demo,156789,3012,812.3,82,,109876,81234,54678,41234,27567,,,,5456,1567,289,7312,,,,
2024-01-30,Tuesday,2,02 Tuesday,Weekday,TikTok,tt_8002,Conversion_Focus,ttad_9002,Product_Demo,161234,3089,823.7,83,,113456,83567,56234,42345,28234,,,,5523,1589,301,7413,,,,
2024-01-18,Thursday,4,04 Thursday,Weekday,TikTok,tt_8002,Conversion_Focus,ttad_9002,Product_Demo,161234,3089,823.7,83,,113456,83567,56234,42345,28234,,,,5523,1589,301,7413,,,,
2024-01-26,Friday,5,05 Friday,Weekday,TikTok,tt_8002,Conversion_Focus,ttad_9002,Product_Demo,167890,3234,845.6,85,,117890,87234,58901,44234,29567,,,,5678,1634,312,7624,,,,
2024-01-17,Wednesday,3,03 Wednesday,Weekday,TikTok,tt_8002,Conversion_Focus,ttad_9002,Product_Demo,167890,3234,845.6,85,,117890,87234,58901,44234,29567,,,,5678,1634,312,7624,,,,
2024-01-24,Wednesday,3,03 Wednesday,Weekday,TikTok,tt_8002,Conversion_Focus,ttad_9002,Product_Demo,172345,3345,867.9,87,,123456,91234,61567,46234,30789,,,,5890,1678,334,7902,,,,
2024-01-25,Thursday,4,04 Thursday,Weekday,TikTok,tt_8002,Conversion_Focus,ttad_9002,Product_Demo,178901,3456,889.5,89,,128901,95678,64567,48567,32345,,,,6123,1734,345,8202,,,,
2024-01-01,Monday,1,01 Monday,Weekday,TikTok,tt_8003,Traffic_Campaign,ttad_9003,Trending_Sounds,189234,2890,345.6,23,,145678,112345,89234,56789,34567,,,,6789,1890,456,9135,,,,
2024-01-02,Tuesday,2,02 Tuesday,Weekday,TikTok,tt_8003,Traffic_Campaign,ttad_9003,Trending_Sounds,198345,3012,361.2,25,,152345,117234,93234,59234,36234,,,,7123,1967,478,9568,,,,
2024-01-14,Sunday,7,07 Sunday,Weekend,TikTok,tt_8003,Traffic_Campaign,ttad_9003,Trending_Sounds,195678,2989,361.2,25,,152345,117234,93234,59234,36234,,,,7123,1967,478,9568,,,,
2024-01-13,Saturday,6,06 Saturday,Weekend,TikTok,tt_8003,Traffic_Campaign,ttad_9003,Trending_Sounds,201234,3123,374.5,26,,157890,121234,96234,61234,37456,,,,7345,2034,489,9868,,,,
2024-01-21,Sunday,7,07 Sunday,Weekend,TikTok,tt_8003,Traffic_Campaign,ttad_9003,Trending_Sounds,201234,3123,374.5,26,,157890,121234,96234,61234,37456,,,,7345,2034,489,9868,,,,
2024-01-04,Thursday,4,04 Thursday,Weekday,TikTok,tt_8003,Traffic_Campaign,ttad_9003,Trending_Sounds,201234,3123,374.5,26,,157890,121234,96234,61234,37456,,,,7345,2034,489,9868,,,,
2024-01-06,Saturday,6,06 Saturday,Weekend,TikTok,tt_8003,Traffic_Campaign,ttad_9003,Trending_Sounds,205678,3234,387.8,27,,162345,124567,98901,63234,38234,,,,7567,2089,501,10157,,,,
2024-01-15,Monday,1,01 Monday,Weekday,TikTok,tt_8003,Traffic_Campaign,ttad_9003,Trending_Sounds,212345,3345,401.1,28,,167890,128234,101234,65234,39456,,,,7789,2145,512,10446,,,,
2024-01-07,Sunday,7,07 Sunday,Weekend,TikTok,tt_8003,Traffic_Campaign,ttad_9003,Trending_Sounds,212345,3345,401.1,28,,167890,128234,101234,65234,39456,,,,7789,2145,512,10446,,,,
2024-01-20,Saturday,6,06 Saturday,Weekend,TikTok,tt_8003,Traffic_Campaign,ttad_9003,Trending_Sounds,218901,3456,414.4,29,,173456,131567,103567,67234,40567,,,,8012,2201,523,10736,,,,
2024-01-09,Tuesday,2,02 Tuesday,Weekday,TikTok,tt_8003,Traffic_Campaign,ttad_9003,Trending_Sounds,218901,3456,414.4,29,,173456,131567,103567,67234,40567,,,,8012,2201,523,10736,,,,
2024-01-28,Sunday,7,07 Sunday,Weekend,TikTok,tt_8003,Traffic_Campaign,ttad_9003,Trending_Sounds,223456,3567,427.7,30,,178901,135234,106789,69234,41789,,,,8234,2267,534,11035,,,,
2024-01-10,Wednesday,3,03 Wednesday,Weekday,TikTok,tt_8003,Traffic_Campaign,ttad_9003,Trending_Sounds,223456,3567,427.7,30,,178901,135234,106789,69234,41789,,,,8234,2267,534,11035,,,,
2024-01-22,Monday,1,01 Monday,Weekday,TikTok,tt_8003,Traffic_Campaign,ttad_9003,Trending_Sounds,228901,3634,441.9,31,,182345,137890,108901,70567,42789,,,,8456,2301,545,11302,,,,
2024-01-12,Friday,5,05 Friday,Weekday,TikTok,tt_8003,Traffic_Campaign,ttad_9003,Trending_Sounds,228901,3634,441.9,31,,182345,137890,108901,70567,42789,,,,8456,2301,545,11302,,,,
2024-01-27,Saturday,6,06 Saturday,Weekend,TikTok,tt_8003,Traffic_Campaign,ttad_9003,Trending_Sounds,236789,3734,456.8,33,,187890,142345,112345,72345,43789,,,,8456,2267,545,11268,,,,
2024-01-19,Friday,5,05 Friday,Weekday,TikTok,tt_8003,Traffic_Campaign,ttad_9003,Trending_Sounds,236789,3734,456.8,33,,187890,142345,112345,72345,43789,,,,8456,2267,545,11268,,,,
2024-01-14,Sunday,7,07 Sunday,Weekend,TikTok,tt_8001,Awareness_GenZ,ttad_9001,Dance_Challenge,223456,3234,434.5,32,,189234,148234,93234,63456,43234,,,,8567,2234,534,11335,,,,
2024-01-03,Wednesday,3,03 Wednesday,Weekday,TikTok,tt_8001,Awareness_GenZ,ttad_9001,Dance_Challenge,223456,3234,434.5,32,,189234,148234,93234,63456,43234,,,,8567,2234,534,11335,,,,
2024-01-11,Thursday,4,04 Thursday,Weekday,TikTok,tt_8003,Traffic_Campaign,ttad_9003,Trending_Sounds,234567,3789,456.8,33,,189234,143567,113456,73456,44567,,,,8789,2434,567,11790,,,,
2024-01-18,Thursday,4,04 Thursday,Weekday,TikTok,tt_8003,Traffic_Campaign,ttad_9003,Trending_Sounds,248901,3934,478.5,35,,195234,148901,117890,76234,46234,,,,8734,2401,578,11713,,,,
2024-01-21,Sunday,7,07 Sunday,Weekend,TikTok,tt_8001,Awareness_GenZ,ttad_9001,Dance_Challenge,234567,3456,445.7,34,,195234,153456,96234,65234,43567,,,,8756,2234,534,11524,,,,
2024-01-29,Monday,1,01 Monday,Weekday,TikTok,tt_8003,Traffic_Campaign,ttad_9003,Trending_Sounds,245678,3890,467.8,34,,195678,148234,117234,75234,45789,,,,8567,2345,567,11479,,,,
2024-01-16,Tuesday,2,02 Tuesday,Weekday,TikTok,tt_8003,Traffic_Campaign,ttad_9003,Trending_Sounds,245678,3890,467.8,34,,195678,148234,117234,75234,45789,,,,8567,2345,567,11479,,,,
2024-01-23,Tuesday,2,02 Tuesday,Weekday,TikTok,tt_8003,Traffic_Campaign,ttad_9003,Trending_Sounds,245678,3890,467.8,34,,195678,148234,117234,75234,45789,,,,8567,2345,567,11479,,,,
2024-01-13,Saturday,6,06 Saturday,Weekend,TikTok,tt_8001,Awareness_GenZ,ttad_9001,Dance_Challenge,234567,3456,456.7,34,,198234,156234,98234,67234,45234,,,,8923,2345,567,11835,,,,
2024-01-01,Monday,1,01 Monday,Weekday,TikTok,tt_8001,Awareness_GenZ,ttad_9001,Dance_Challenge,234567,3456,456.7,34,,198234,156234,98234,67234,45234,,,,8923,2345,567,11835,,,,
2024-01-30,Tuesday,2,02 Tuesday,Weekday,TikTok,tt_8003,Traffic_Campaign,ttad_9003,Trending_Sounds,251234,3967,481.5,35,,198901,150567,119234,76890,46567,,,,8678,2378,556,11612,,,,
2024-01-05,Friday,5,05 Friday,Weekday,TikTok,tt_8001,Awareness_GenZ,ttad_9001,Dance_Challenge,234234,3467,460.2,35,,199234,156789,98789,67789,45456,,,,8945,2367,578,11890,,,,
2024-01-26,Friday,5,05 Friday,Weekday,TikTok,tt_8003,Traffic_Campaign,ttad_9003,Trending_Sounds,256789,4012,489.2,36,,201234,152345,120456,77890,47234,,,,8901,2456,589,11946,,,,
2024-01-17,Wednesday,3,03 Wednesday,Weekday,TikTok,tt_8003,Traffic_Campaign,ttad_9003,Trending_Sounds,256789,4012,489.2,36,,201234,152345,120456,77890,47234,,,,8901,2456,589,11946,,,,
2024-01-08,Monday,1,01 Monday,Weekday,TikTok,tt_8001,Awareness_GenZ,ttad_9001,Dance_Challenge,245234,3578,474.3,37,,203456,158901,99567,68234,45789,,,,8978,2389,590,11957,,,,
2024-01-02,Tuesday,2,02 Tuesday,Weekday,TikTok,tt_8001,Awareness_GenZ,ttad_9001,Dance_Challenge,245678,3678,478.9,36,,207345,163456,102345,70234,47234,,,,9234,2456,589,12279,,,,
2024-01-15,Monday,1,01 Monday,Weekday,TikTok,tt_8001,Awareness_GenZ,ttad_9001,Dance_Challenge,246789,3678,478.9,36,,207345,163456,102345,70234,47234,,,,9234,2456,589,12279,,,,
2024-01-20,Saturday,6,06 Saturday,Weekend,TikTok,tt_8001,Awareness_GenZ,ttad_9001,Dance_Challenge,256234,3701,490.5,38,,209234,163567,102567,69567,46567,,,,9123,2423,601,12147,,,,
2024-01-10,Wednesday,3,03 Wednesday,Weekday,TikTok,tt_8001,Awareness_GenZ,ttad_9001,Dance_Challenge,256234,3701,490.5,38,,209234,163567,102567,69567,46567,,,,9123,2423,601,12147,,,,
2024-01-24,Wednesday,3,03 Wednesday,Weekday,TikTok,tt_8003,Traffic_Campaign,ttad_9003,Trending_Sounds,267890,4123,512.6,37,,212345,160234,126789,81234,49234,,,,9123,2567,612,12302,,,,
2024-01-04,Thursday,4,04 Thursday,Weekday,TikTok,tt_8001,Awareness_GenZ,ttad_9001,Dance_Challenge,256789,3890,512.3,39,,217456,170234,107234,72456,48456,,,,9567,2567,612,12746,,,,
2024-01-22,Monday,1,01 Monday,Weekday,TikTok,tt_8001,Awareness_GenZ,ttad_9001,Dance_Challenge,267890,3945,523.4,40,,221234,173456,109234,73567,49234,,,,9789,2634,623,13046,,,,
2024-01-06,Saturday,6,06 Saturday,Weekend,TikTok,tt_8001,Awareness_GenZ,ttad_9001,Dance_Challenge,267890,3945,523.4,40,,221234,173456,109234,73567,49234,,,,9789,2634,623,13046,,,,
2024-01-28,Sunday,7,07 Sunday,Weekend,TikTok,tt_8001,Awareness_GenZ,ttad_9001,Dance_Challenge,267890,3945,501.2,40,,221234,173456,109234,73567,49234,,,,9789,2634,623,13046,,,,
2024-01-12,Friday,5,05 Friday,Weekday,TikTok,tt_8001,Awareness_GenZ,ttad_9001,Dance_Challenge,267890,3945,501.2,40,,221234,173456,109234,73567,49234,,,,9789,2634,623,13046,,,,
2024-01-25,Thursday,4,04 Thursday,Weekday,TikTok,tt_8003,Traffic_Campaign,ttad_9003,Trending_Sounds,278901,4234,534.2,39,,223456,168901,133456,85678,51789,,,,9456,2634,623,12713,,,,
2024-01-07,Sunday,7,07 Sunday,Weekend,TikTok,tt_8001,Awareness_GenZ,ttad_9001,Dance_Challenge,278901,4123,545.6,42,,229234,179234,112234,75678,50234,,,,10123,2712,645,13480,,,,
2024-01-19,Friday,5,05 Friday,Weekday,TikTok,tt_8001,Awareness_GenZ,ttad_9001,Dance_Challenge,278901,4123,545.6,42,,229234,179234,112234,75678,50234,,,,10123,2712,645,13480,,,,
2024-01-27,Saturday,6,06 Saturday,Weekend,TikTok,tt_8001,Awareness_GenZ,ttad_9001,Dance_Challenge,278901,4123,545.6,42,,229234,179234,112234,75678,50234,,,,10123,2712,645,13480,,,,
2024-01-29,Monday,1,01 Monday,Weekday,TikTok,tt_8001,Awareness_GenZ,ttad_9001,Dance_Challenge,289012,4234,556.7,43,,234567,182345,114567,77234,51234,,,,10345,2789,656,13790,,,,
2024-01-09,Tuesday,2,02 Tuesday,Weekday,TikTok,tt_8001,Awareness_GenZ,ttad_9001,Dance_Challenge,289012,4234,556.7,43,,234567,182345,114567,77234,51234,,,,10345,2789,656,13790,,,,
2024-01-11,Thursday,4,04 Thursday,Weekday,TikTok,tt_8001,Awareness_GenZ,ttad_9001,Dance_Challenge,278901,4123,523.6,42,,234567,182345,114567,77234,51234,,,,10345,2789,656,13790,,,,
2024-01-16,Tuesday,2,02 Tuesday,Weekday,TikTok,tt_8001,Awareness_GenZ,ttad_9001,Dance_Challenge,289012,4234,556.7,43,,234567,182345,114567,77234,51234,,,,10345,2789,656,13790,,,,
2024-01-23,Tuesday,2,02 Tuesday,Weekday,TikTok,tt_8001,Awareness_GenZ,ttad_9001,Dance_Challenge,289012,4234,556.7,43,,234567,182345,114567,77234,51234,,,,10345,2789,656,13790,,,,
2024-01-18,Thursday,4,04 Thursday,Weekday,TikTok,tt_8001,Awareness_GenZ,ttad_9001,Dance_Challenge,290123,4189,567.8,44,,236789,184567,115678,78234,52345,,,,10456,2812,678,13946,,,,
2024-01-30,Tuesday,2,02 Tuesday,Weekday,TikTok,tt_8001,Awareness_GenZ,ttad_9001,Dance_Challenge,295678,4345,573.2,44,,241234,188234,117890,79234,52789,,,,10567,2856,667,14090,,,,
2024-01-26,Friday,5,05 Friday,Weekday,TikTok,tt_8001,Awareness_GenZ,ttad_9001,Dance_Challenge,301234,4456,589.9,46,,245678,191234,119234,80234,53456,,,,10789,2901,689,14379,,,,
2024-01-17,Wednesday,3,03 Wednesday,Weekday,TikTok,tt_8001,Awareness_GenZ,ttad_9001,Dance_Challenge,301234,4456,589.9,46,,245678,191234,119234,80234,53456,,,,10789,2901,689,14379,,,,
2024-01-24,Wednesday,3,03 Wednesday,Weekday,TikTok,tt_8001,Awareness_GenZ,ttad_9001,Dance_Challenge,312345,4567,623.4,48,,256789,200234,125678,84567,56234,,,,11234,3012,723,14969,,,,
2024-01-25,Thursday,4,04 Thursday,Weekday,TikTok,tt_8001,Awareness_GenZ,ttad_9001,Dance_Challenge,323456,4789,645.7,50,,267890,208901,131234,88234,58901,,,,11567,3134,734,15435,,,,
2024-01-03,Wednesday,3,03 Wednesday,Weekday,TikTok,tt_8004,Influencer_Collab,ttad_9004,Creator_Partnership,345678,5678,890.1,89,,289234,234567,189234,134567,89234,,,,15678,4567,1234,21479,,,,
2024-01-05,Friday,5,05 Friday,Weekday,TikTok,tt_8004,Influencer_Collab,ttad_9004,Creator_Partnership,356789,5834,901.2,91,,293456,239234,191234,136234,90234,,,,15890,4634,1256,21780,,,,
2024-01-14,Sunday,7,07 Sunday,Weekend,TikTok,tt_8004,Influencer_Collab,ttad_9004,Creator_Partnership,356789,5834,901.2,91,,293456,239234,191234,136234,90234,,,,15890,4634,1256,21780,,,,
2024-01-04,Thursday,4,04 Thursday,Weekday,TikTok,tt_8004,Influencer_Collab,ttad_9004,Creator_Partnership,367890,6012,923.4,94,,301234,245678,196789,140234,93456,,,,16234,4789,1289,22312,,,,
2024-01-21,Sunday,7,07 Sunday,Weekend,TikTok,tt_8004,Influencer_Collab,ttad_9004,Creator_Partnership,367890,6012,923.4,94,,301234,245678,196789,140234,93456,,,,16234,4789,1289,22312,,,,
2024-01-13,Saturday,6,06 Saturday,Weekend,TikTok,tt_8004,Influencer_Collab,ttad_9004,Creator_Partnership,367890,6012,923.4,94,,301234,245678,196789,140234,93456,,,,16234,4789,1289,22312,,,,
2024-01-06,Saturday,6,06 Saturday,Weekend,TikTok,tt_8004,Influencer_Collab,ttad_9004,Creator_Partnership,378901,6123,945.6,96,,312345,251234,201234,143456,95234,,,,16567,4823,1312,22702,,,,
2024-01-15,Monday,1,01 Monday,Weekday,TikTok,tt_8004,Influencer_Collab,ttad_9004,Creator_Partnership,378901,6123,945.6,96,,312345,251234,201234,143456,95234,,,,16567,4823,1312,22702,,,,
2024-01-20,Saturday,6,06 Saturday,Weekend,TikTok,tt_8004,Influencer_Collab,ttad_9004,Creator_Partnership,389012,6234,967.8,98,,321234,258901,207890,147234,97456,,,,16901,4912,1345,23158,,,,
2024-01-08,Monday,1,01 Monday,Weekday,TikTok,tt_8004,Influencer_Collab,ttad_9004,Creator_Partnership,389012,6234,967.8,98,,321234,258901,207890,147234,97456,,,,16901,4912,1345,23158,,,,
2024-01-22,Monday,1,01 Monday,Weekday,TikTok,tt_8004,Influencer_Collab,ttad_9004,Creator_Partnership,398567,6534,998.7,98,,332345,267890,214567,151234,99567,,,,17756,5012,1389,24157,,,,
2024-01-28,Sunday,7,07 Sunday,Weekend,TikTok,tt_8004,Influencer_Collab,ttad_9004,Creator_Partnership,401234,6456,989.9,101,,332345,267890,214567,151234,99567,,,,17234,5012,1378,23624,,,,
2024-01-12,Friday,5,05 Friday,Weekday,TikTok,tt_8004,Influencer_Collab,ttad_9004,Creator_Partnership,398567,6534,998.7,98,,332345,267890,214567,151234,99567,,,,17756,5012,1389,24157,,,,
2024-01-09,Tuesday,2,02 Tuesday,Weekday,TikTok,tt_8004,Influencer_Collab,ttad_9004,Creator_Partnership,401234,6456,989.9,101,,332345,267890,214567,151234,99567,,,,17234,5012,1378,23624,,,,
2024-01-11,Thursday,4,04 Thursday,Weekday,TikTok,tt_8004,Influencer_Collab,ttad_9004,Creator_Partnership,412345,6789,1023.4,103,,345678,278901,223456,159234,105678,,,,18234,5234,1456,24924,,,,
2024-01-27,Saturday,6,06 Saturday,Weekend,TikTok,tt_8004,Influencer_Collab,ttad_9004,Creator_Partnership,423456,6789,1034.5,104,,356789,287234,229234,162345,107890,,,,18756,5345,1456,25557,,,,
2024-01-23,Tuesday,2,02 Tuesday,Weekday,TikTok,tt_8004,Influencer_Collab,ttad_9004,Creator_Partnership,423456,6890,1056.8,107,,356789,289234,231456,164567,109234,,,,18890,5456,1489,25835,,,,
2024-01-29,Monday,1,01 Monday,Weekday,TikTok,tt_8004,Influencer_Collab,ttad_9004,Creator_Partnership,423456,6890,1056.8,107,,356789,289234,231456,164567,109234,,,,18890,5456,1489,25835,,,,
2024-01-16,Tuesday,2,02 Tuesday,Weekday,TikTok,tt_8004,Influencer_Collab,ttad_9004,Creator_Partnership,423456,6890,1056.8,107,,356789,289234,231456,164567,109234,,,,18890,5456,1489,25835,,,,
2024-01-19,Friday,5,05 Friday,Weekday,TikTok,tt_8004,Influencer_Collab,ttad_9004,Creator_Partnership,423456,6789,1034.5,104,,356789,287234,229234,162345,107890,,,,18756,5345,1456,25557,,,,
2024-01-18,Thursday,4,04 Thursday,Weekday,TikTok,tt_8004,Influencer_Collab,ttad_9004,Creator_Partnership,434567,7012,1089.3,109,,367890,296234,237890,168234,111234,,,,19234,5534,1523,26291,,,,
2024-01-30,Tuesday,2,02 Tuesday,Weekday,TikTok,tt_8004,Influencer_Collab,ttad_9004,Creator_Partnership,434567,7012,1089.3,109,,367890,296234,237890,168234,111234,,,,19234,5534,1523,26291,,,,
2024-01-26,Friday,5,05 Friday,Weekday,TikTok,tt_8004,Influencer_Collab,ttad_9004,Creator_Partnership,445678,7234,1123.5,113,,378901,304567,243456,172345,114567,,,,19567,5678,1567,26812,,,,
2024-01-17,Wednesday,3,03 Wednesday,Weekday,TikTok,tt_8004,Influencer_Collab,ttad_9004,Creator_Partnership,445678,7234,1123.5,113,,378901,304567,243456,172345,114567,,,,19567,5678,1567,26812,,,,
2024-01-24,Wednesday,3,03 Wednesday,Weekday,TikTok,tt_8004,Influencer_Collab,ttad_9004,Creator_Partnership,456789,7456,1167.8,118,,389012,312345,249234,177890,118234,,,,20234,5912,1623,27769,,,,
2024-01-25,Thursday,4,04 Thursday,Weekday,TikTok,tt_8004,Influencer_Collab,ttad_9004,Creator_Partnership,467890,7623,1189.4,120,,401234,323456,258901,184567,122345,,,,20789,6034,1678,28501,,,,
2024-01-21,Sunday,7,07 Sunday,Weekend,Google,g_5004,Display_Remarketing,gad_6004,Cart_Abandoners,118234,423,116.2,11,550,,,,,,,,,,,,,0.0036,0.27,7,0.32
2024-01-08,Monday,1,01 Monday,Weekday,Google,g_5004,Display_Remarketing,gad_6004,Cart_Abandoners,125678,445,121.3,11,550,,,,,,,,,,,,,0.0035,0.27,7,0.34
2024-01-14,Sunday,7,07 Sunday,Weekend,Google,g_5004,Display_Remarketing,gad_6004,Cart_Abandoners,115678,412,113.4,11,550,,,,,,,,,,,,,0.0036,0.28,7,0.32
2024-01-20,Saturday,6,06 Saturday,Weekend,Google,g_5004,Display_Remarketing,gad_6004,Cart_Abandoners,124567,445,122.3,12,600,,,,,,,,,,,,,0.0036,0.27,7,0.33
2024-01-28,Sunday,7,07 Sunday,Weekend,Google,g_5004,Display_Remarketing,gad_6004,Cart_Abandoners,127345,445,125.1,12,600,,,,,,,,,,,,,0.0035,0.28,7,0.33
2024-01-09,Tuesday,2,02 Tuesday,Weekday,Google,g_5004,Display_Remarketing,gad_6004,Cart_Abandoners,129345,456,125.6,12,600,,,,,,,,,,,,,0.0035,0.28,7,0.35
2024-01-03,Wednesday,3,03 Wednesday,Weekday,Google,g_5004,Display_Remarketing,gad_6004,Cart_Abandoners,123456,456,123.4,12,600,,,,,,,,,,,,,0.0037,0.27,7,0.35
2024-01-13,Saturday,6,06 Saturday,Weekend,Google,g_5004,Display_Remarketing,gad_6004,Cart_Abandoners,119234,434,116.8,12,600,,,,,,,,,,,,,0.0036,0.27,7,0.33
2024-01-15,Monday,1,01 Monday,Weekday,Google,g_5004,Display_Remarketing,gad_6004,Cart_Abandoners,128901,467,126.7,13,650,,,,,,,,,,,,,0.0036,0.27,7,0.34
2024-01-05,Friday,5,05 Friday,Weekday,Google,g_5004,Display_Remarketing,gad_6004,Cart_Abandoners,128901,467,128.9,13,650,,,,,,,,,,,,,0.0036,0.28,7,0.34
2024-01-22,Monday,1,01 Monday,Weekday,Google,g_5004,Display_Remarketing,gad_6004,Cart_Abandoners,127890,456,125.6,13,650,,,,,,,,,,,,,0.0036,0.28,7,0.34
2024-01-06,Saturday,6,06 Saturday,Weekend,Google,g_5004,Display_Remarketing,gad_6004,Cart_Abandoners,131234,478,132.4,13,650,,,,,,,,,,,,,0.0036,0.28,7,0.35
2024-01-19,Friday,5,05 Friday,Weekday,Google,g_5004,Display_Remarketing,gad_6004,Cart_Abandoners,131567,478,129.4,13,650,,,,,,,,,,,,,0.0036,0.27,7,0.34
2024-01-29,Monday,1,01 Monday,Weekday,Google,g_5004,Display_Remarketing,gad_6004,Cart_Abandoners,131234,467,128.9,13,650,,,,,,,,,,,,,0.0036,0.28,7,0.34
2024-01-18,Thursday,4,04 Thursday,Weekday,Google,g_5004,Display_Remarketing,gad_6004,Cart_Abandoners,135234,501,133.6,14,700,,,,,,,,,,,,,0.0037,0.27,7,0.35
2024-01-23,Tuesday,2,02 Tuesday,Weekday,Google,g_5004,Display_Remarketing,gad_6004,Cart_Abandoners,133456,489,131.2,14,700,,,,,,,,,,,,,0.0037,0.27,7,0.35
2024-01-04,Thursday,4,04 Thursday,Weekday,Google,g_5004,Display_Remarketing,gad_6004,Cart_Abandoners,134567,489,134.5,14,700,,,,,,,,,,,,,0.0036,0.28,7,0.36
2024-01-27,Saturday,6,06 Saturday,Weekend,Google,g_5004,Display_Remarketing,gad_6004,Cart_Abandoners,134890,489,132.7,14,700,,,,,,,,,,,,,0.0036,0.27,7,0.35
2024-01-16,Tuesday,2,02 Tuesday,Weekday,Google,g_5004,Display_Remarketing,gad_6004,Cart_Abandoners,132567,489,130.5,14,700,,,,,,,,,,,,,0.0037,0.27,7,0.35
2024-01-12,Friday,5,05 Friday,Weekday,Google,g_5004,Display_Remarketing,gad_6004,Cart_Abandoners,133456,489,131.2,14,700,,,,,,,,,,,,,0.0037,0.27,7,0.35
2024-01-30,Tuesday,2,02 Tuesday,Weekday,Google,g_5004,Display_Remarketing,gad_6004,Cart_Abandoners,133456,478,131.2,14,700,,,,,,,,,,,,,0.0036,0.27,7,0.35
2024-01-11,Thursday,4,04 Thursday,Weekday,Google,g_5004,Display_Remarketing,gad_6004,Cart_Abandoners,136789,512,142.3,15,750,,,,,,,,,,,,,0.0037,0.28,7,0.36
2024-01-24,Wednesday,3,03 Wednesday,Weekday,Google,g_5004,Display_Remarketing,gad_6004,Cart_Abandoners,139234,523,136.8,15,750,,,,,,,,,,,,,0.0038,0.26,7,0.36
2024-01-26,Friday,5,05 Friday,Weekday,Google,g_5004,Display_Remarketing,gad_6004,Cart_Abandoners,138567,512,136.2,15,750,,,,,,,,,,,,,0.0037,0.27,7,0.36
2024-01-17,Wednesday,3,03 Wednesday,Weekday,Google,g_5004,Display_Remarketing,gad_6004,Cart_Abandoners,138901,534,136.4,15,750,,,,,,,,,,,,,0.0038,0.26,7,0.36
2024-01-25,Thursday,4,04 Thursday,Weekday,Google,g_5004,Display_Remarketing,gad_6004,Cart_Abandoners,142345,545,139.9,16,800,,,,,,,,,,,,,0.0038,0.26,7,0.37
2024-01-21,Sunday,7,07 Sunday,Weekend,Google,g_5002,Search_Generic_Terms,gad_6002,Product_Broad,38901,778,498.7,19,950,,,,,,,,,,,,,0.02,0.64,6,0.41
2024-01-14,Sunday,7,07 Sunday,Weekend,Google,g_5002,Search_Generic_Terms,gad_6002,Product_Broad,39567,789,507.4,19,950,,,,,,,,,,,,,0.0199,0.64,6,0.42
2024-01-20,Saturday,6,06 Saturday,Weekend,Google,g_5002,Search_Generic_Terms,gad_6002,Product_Broad,40567,812,520.4,20,1000,,,,,,,,,,,,,0.02,0.64,6,0.42
2024-01-28,Sunday,7,07 Sunday,Weekend,Google,g_5002,Search_Generic_Terms,gad_6002,Product_Broad,42890,834,549.3,21,1050,,,,,,,,,,,,,0.0195,0.66,7,0.43
2024-01-13,Saturday,6,06 Saturday,Weekend,Google,g_5002,Search_Generic_Terms,gad_6002,Product_Broad,41234,823,528.9,21,1050,,,,,,,,,,,,,0.02,0.64,6,0.43
2024-01-02,Tuesday,2,02 Tuesday,Weekday,Google,g_5002,Search_Generic_Terms,gad_6002,Product_Broad,43234,823,534.2,21,1050,,,,,,,,,,,,,0.019,0.65,7,0.44
2024-01-07,Sunday,7,07 Sunday,Weekend,Google,g_5002,Search_Generic_Terms,gad_6002,Product_Broad,44567,878,567.2,22,1100,,,,,,,,,,,,,0.0197,0.65,6,0.44
2024-01-22,Monday,1,01 Monday,Weekday,Google,g_5002,Search_Generic_Terms,gad_6002,Product_Broad,42890,845,549.3,22,1100,,,,,,,,,,,,,0.0197,0.65,7,0.44
2024-01-15,Monday,1,01 Monday,Weekday,Google,g_5002,Search_Generic_Terms,gad_6002,Product_Broad,43789,856,560.9,22,1100,,,,,,,,,,,,,0.0195,0.66,7,0.44
2024-01-29,Monday,1,01 Monday,Weekday,Google,g_5002,Search_Generic_Terms,gad_6002,Product_Broad,44567,878,570.8,23,1150,,,,,,,,,,,,,0.0197,0.65,7,0.44
2024-01-10,Wednesday,3,03 Wednesday,Weekday,Google,g_5002,Search_Generic_Terms,gad_6002,Product_Broad,45234,901,578.9,23,1150,,,,,,,,,,,,,0.0199,0.64,7,0.45
2024-01-19,Friday,5,05 Friday,Weekday,Google,g_5002,Search_Generic_Terms,gad_6002,Product_Broad,44890,890,574.7,23,1150,,,,,,,,,,,,,0.0198,0.65,7,0.44
2024-01-01,Monday,1,01 Monday,Weekday,Google,g_5002,Search_Generic_Terms,gad_6002,Product_Broad,45678,890,567.8,23,1150,,,,,,,,,,,,,0.0195,0.64,7,0.45
2024-01-05,Friday,5,05 Friday,Weekday,Google,g_5002,Search_Generic_Terms,gad_6002,Product_Broad,46234,912,589.3,24,1200,,,,,,,,,,,,,0.0197,0.65,7,0.45
2024-01-12,Friday,5,05 Friday,Weekday,Google,g_5002,Search_Generic_Terms,gad_6002,Product_Broad,46567,912,596.7,24,1200,,,,,,,,,,,,,0.0196,0.65,7,0.45
2024-01-23,Tuesday,2,02 Tuesday,Weekday,Google,g_5002,Search_Generic_Terms,gad_6002,Product_Broad,45123,912,577.8,24,1200,,,,,,,,,,,,,0.0202,0.63,7,0.45
2024-01-27,Saturday,6,06 Saturday,Weekend,Google,g_5002,Search_Generic_Terms,gad_6002,Product_Broad,45678,901,584.5,24,1200,,,,,,,,,,,,,0.0197,0.65,7,0.45
2024-01-18,Thursday,4,04 Thursday,Weekday,Google,g_5002,Search_Generic_Terms,gad_6002,Product_Broad,46123,923,590.3,24,1200,,,,,,,,,,,,,0.02,0.64,7,0.45
2024-01-30,Tuesday,2,02 Tuesday,Weekday,Google,g_5002,Search_Generic_Terms,gad_6002,Product_Broad,45890,912,587.7,24,1200,,,,,,,,,,,,,0.0199,0.64,7,0.45
2024-01-16,Tuesday,2,02 Tuesday,Weekday,Google,g_5002,Search_Generic_Terms,gad_6002,Product_Broad,45678,901,584.5,24,1200,,,,,,,,,,,,,0.0197,0.65,7,0.45
2024-01-03,Wednesday,3,03 Wednesday,Weekday,Google,g_5002,Search_Generic_Terms,gad_6002,Product_Broad,47890,967,623.5,25,1250,,,,,,,,,,,,,0.0202,0.64,6,0.43
2024-01-26,Friday,5,05 Friday,Weekday,Google,g_5002,Search_Generic_Terms,gad_6002,Product_Broad,47234,945,605.6,25,1250,,,,,,,,,,,,,0.02,0.64,7,0.46
2024-01-17,Wednesday,3,03 Wednesday,Weekday,Google,g_5002,Search_Generic_Terms,gad_6002,Product_Broad,47234,967,605.6,25,1250,,,,,,,,,,,,,0.0205,0.63,7,0.46
2024-01-08,Monday,1,01 Monday,Weekday,Google,g_5002,Search_Generic_Terms,gad_6002,Product_Broad,48234,989,634.7,26,1300,,,,,,,,,,,,,0.0205,0.64,7,0.46
2024-01-24,Wednesday,3,03 Wednesday,Weekday,Google,g_5002,Search_Generic_Terms,gad_6002,Product_Broad,47890,978,613.5,26,1300,,,,,,,,,,,,,0.0204,0.63,7,0.46
2024-01-11,Thursday,4,04 Thursday,Weekday,Google,g_5002,Search_Generic_Terms,gad_6002,Product_Broad,47890,934,612.5,26,1300,,,,,,,,,,,,,0.0195,0.66,7,0.46
2024-01-25,Thursday,4,04 Thursday,Weekday,Google,g_5002,Search_Generic_Terms,gad_6002,Product_Broad,49567,1012,634.2,27,1350,,,,,,,,,,,,,0.0204,0.63,7,0.47
2024-01-21,Sunday,7,07 Sunday,Weekend,Google,g_5001,Search_Brand_Terms,gad_6001,Brand_Exact,21567,1089,207.8,41,2050,,,,,,,,,,,,,0.0505,0.19,9,0.88
2024-01-14,Sunday,7,07 Sunday,Weekend,Google,g_5001,Search_Brand_Terms,gad_6001,Brand_Exact,21234,1089,207.8,41,2050,,,,,,,,,,,,,0.0513,0.19,9,0.89
2024-01-20,Saturday,6,06 Saturday,Weekend,Google,g_5001,Search_Brand_Terms,gad_6001,Brand_Exact,22345,1123,214.5,42,2100,,,,,,,,,,,,,0.0503,0.19,9,0.89
2024-01-03,Wednesday,3,03 Wednesday,Weekday,Google,g_5001,Search_Brand_Terms,gad_6001,Brand_Exact,22345,1123,213.4,42,2100,,,,,,,,,,,,,0.0503,0.19,9,0.93
2024-01-08,Monday,1,01 Monday,Weekday,Google,g_5001,Search_Brand_Terms,gad_6001,Brand_Exact,22567,1134,216.8,43,2150,,,,,,,,,,,,,0.0503,0.19,9,0.91
2024-01-13,Saturday,6,06 Saturday,Weekend,Google,g_5001,Search_Brand_Terms,gad_6001,Brand_Exact,22456,1156,220.4,43,2150,,,,,,,,,,,,,0.0515,0.19,9,0.9
2024-01-28,Sunday,7,07 Sunday,Weekend,Google,g_5001,Search_Brand_Terms,gad_6001,Brand_Exact,23567,1189,226.8,44,2200,,,,,,,,,,,,,0.0505,0.19,9,0.9
2024-01-01,Monday,1,01 Monday,Weekday,Google,g_5001,Search_Brand_Terms,gad_6001,Brand_Exact,23456,1234,234.5,45,2250,,,,,,,,,,,,,0.0526,0.19,9,0.92
2024-01-15,Monday,1,01 Monday,Weekday,Google,g_5001,Search_Brand_Terms,gad_6001,Brand_Exact,23890,1234,235.6,46,2300,,,,,,,,,,,,,0.0517,0.19,9,0.91
2024-01-05,Friday,5,05 Friday,Weekday,Google,g_5001,Search_Brand_Terms,gad_6001,Brand_Exact,23890,1234,234.9,46,2300,,,,,,,,,,,,,0.0517,0.19,9,0.91
2024-01-29,Monday,1,01 Monday,Weekday,Google,g_5001,Search_Brand_Terms,gad_6001,Brand_Exact,24890,1278,244.2,47,2350,,,,,,,,,,,,,0.0513,0.19,9,0.91
2024-01-06,Saturday,6,06 Saturday,Weekend,Google,g_5001,Search_Brand_Terms,gad_6001,Brand_Exact,24234,1267,241.2,47,2350,,,,,,,,,,,,,0.0523,0.19,9,0.92
2024-01-22,Monday,1,01 Monday,Weekday,Google,g_5001,Search_Brand_Terms,gad_6001,Brand_Exact,24234,1267,241.2,47,2350,,,,,,,,,,,,,0.0523,0.19,9,0.91
2024-01-19,Friday,5,05 Friday,Weekday,Google,g_5001,Search_Brand_Terms,gad_6001,Brand_Exact,24567,1289,246.8,48,2400,,,,,,,,,,,,,0.0525,0.19,9,0.91
2024-01-02,Tuesday,2,02 Tuesday,Weekday,Google,g_5001,Search_Brand_Terms,gad_6001,Brand_Exact,24567,1289,245.6,48,2400,,,,,,,,,,,,,0.0525,0.19,9,0.91
2024-01-10,Wednesday,3,03 Wednesday,Weekday,Google,g_5001,Search_Brand_Terms,gad_6001,Brand_Exact,24678,1289,245.9,48,2400,,,,,,,,,,,,,0.0522,0.19,9,0.91
2024-01-27,Saturday,6,06 Saturday,Weekend,Google,g_5001,Search_Brand_Terms,gad_6001,Brand_Exact,25234,1312,250.3,49,2450,,,,,,,,,,,,,0.052,0.19,9,0.91
2024-01-09,Tuesday,2,02 Tuesday,Weekday,Google,g_5001,Search_Brand_Terms,gad_6001,Brand_Exact,25234,1312,250.3,49,2450,,,,,,,,,,,,,0.052,0.19,9,0.92
2024-01-12,Friday,5,05 Friday,Weekday,Google,g_5001,Search_Brand_Terms,gad_6001,Brand_Exact,25123,1312,250.4,49,2450,,,,,,,,,,,,,0.0522,0.19,9,0.91
2024-01-04,Thursday,4,04 Thursday,Weekday,Google,g_5001,Search_Brand_Terms,gad_6001,Brand_Exact,25678,1345,256.7,50,2500,,,,,,,,,,,,,0.0524,0.19,9,0.92
2024-01-30,Tuesday,2,02 Tuesday,Weekday,Google,g_5001,Search_Brand_Terms,gad_6001,Brand_Exact,25456,1334,254.6,50,2500,,,,,,,,,,,,,0.0524,0.19,9,0.92
2024-01-16,Tuesday,2,02 Tuesday,Weekday,Google,g_5001,Search_Brand_Terms,gad_6001,Brand_Exact,25456,1345,257.3,51,2550,,,,,,,,,,,,,0.0528,0.19,9,0.92
2024-01-23,Tuesday,2,02 Tuesday,Weekday,Google,g_5001,Search_Brand_Terms,gad_6001,Brand_Exact,25678,1356,259.4,51,2550,,,,,,,,,,,,,0.0528,0.19,9,0.92
2024-01-18,Thursday,4,04 Thursday,Weekday,Google,g_5001,Search_Brand_Terms,gad_6001,Brand_Exact,25789,1389,265.2,52,2600,,,,,,,,,,,,,0.0538,0.19,9,0.92
2024-01-11,Thursday,4,04 Thursday,Weekday,Google,g_5001,Search_Brand_Terms,gad_6001,Brand_Exact,26234,1378,263.4,52,2600,,,,,,,,,,,,,0.0525,0.19,9,0.92
2024-01-26,Friday,5,05 Friday,Weekday,Google,g_5001,Search_Brand_Terms,gad_6001,Brand_Exact,26789,1378,263.4,53,2650,,,,,,,,,,,,,0.0515,0.19,9,0.92
2024-01-17,Wednesday,3,03 Wednesday,Weekday,Google,g_5001,Search_Brand_Terms,gad_6001,Brand_Exact,26789,1456,278.9,54,2700,,,,,,,,,,,,,0.0544,0.19,9,0.93
2024-01-07,Sunday,7,07 Sunday,Weekend,Google,g_5001,Search_Brand_Terms,gad_6001,Brand_Exact,26789,1456,278.9,54,2700,,,,,,,,,,,,,0.0544,0.19,9,0.93
2024-01-24,Wednesday,3,03 Wednesday,Weekday,Google,g_5001,Search_Brand_Terms,gad_6001,Brand_Exact,27123,1434,274.3,55,2750,,,,,,,,,,,,,0.0529,0.19,9,0.93
2024-01-21,Sunday,7,07 Sunday,Weekend,Google,g_5003,Shopping_All_Products,gad_6003,Best_Sellers,62345,1989,365.4,57,2850,,,,,,,,,,,,,0.0319,0.18,8,0.63
2024-01-14,Sunday,7,07 Sunday,Weekend,Google,g_5003,Shopping_All_Products,gad_6003,Best_Sellers,61890,2012,369.3,58,2900,,,,,,,,,,,,,0.0325,0.18,8,0.64
2024-01-25,Thursday,4,04 Thursday,Weekday,Google,g_5001,Search_Brand_Terms,gad_6001,Brand_Exact,28234,1512,287.6,58,2900,,,,,,,,,,,,,0.0535,0.19,9,0.94
2024-01-20,Saturday,6,06 Saturday,Weekend,Google,g_5003,Shopping_All_Products,gad_6003,Best_Sellers,64890,2067,376.8,59,2950,,,,,,,,,,,,,0.0319,0.18,8,0.65
2024-01-13,Saturday,6,06 Saturday,Weekend,Google,g_5003,Shopping_All_Products,gad_6003,Best_Sellers,63456,2089,382.6,60,3000,,,,,,,,,,,,,0.0329,0.18,8,0.65
2024-01-28,Sunday,7,07 Sunday,Weekend,Google,g_5003,Shopping_All_Products,gad_6003,Best_Sellers,66234,2167,395.8,61,3050,,,,,,,,,,,,,0.0327,0.18,8,0.66
2024-01-22,Monday,1,01 Monday,Weekday,Google,g_5003,Shopping_All_Products,gad_6003,Best_Sellers,66789,2223,407.9,64,3200,,,,,,,,,,,,,0.0333,0.18,8,0.66
2024-01-10,Wednesday,3,03 Wednesday,Weekday,Google,g_5003,Shopping_All_Products,gad_6003,Best_Sellers,68901,2267,414.2,64,3200,,,,,,,,,,,,,0.0329,0.18,8,0.67
2024-01-04,Thursday,4,04 Thursday,Weekday,Google,g_5003,Shopping_All_Products,gad_6003,Best_Sellers,69456,2234,412.3,65,3250,,,,,,,,,,,,,0.0322,0.18,8,0.66
2024-01-15,Monday,1,01 Monday,Weekday,Google,g_5003,Shopping_All_Products,gad_6003,Best_Sellers,67234,2234,411.7,65,3250,,,,,,,,,,,,,0.0332,0.18,8,0.66
2024-01-29,Monday,1,01 Monday,Weekday,Google,g_5003,Shopping_All_Products,gad_6003,Best_Sellers,68456,2289,419.5,66,3300,,,,,,,,,,,,,0.0334,0.18,8,0.67
2024-01-12,Friday,5,05 Friday,Weekday,Google,g_5003,Shopping_All_Products,gad_6003,Best_Sellers,69890,2334,428.9,66,3300,,,,,,,,,,,,,0.0334,0.18,8,0.67
2024-01-07,Sunday,7,07 Sunday,Weekend,Google,g_5003,Shopping_All_Products,gad_6003,Best_Sellers,70234,2289,419.5,66,3300,,,,,,,,,,,,,0.0326,0.18,8,0.66
2024-01-19,Friday,5,05 Friday,Weekday,Google,g_5003,Shopping_All_Products,gad_6003,Best_Sellers,69234,2301,423.5,67,3350,,,,,,,,,,,,,0.0332,0.18,8,0.67
2024-01-01,Monday,1,01 Monday,Weekday,Google,g_5003,Shopping_All_Products,gad_6003,Best_Sellers,67890,2345,423.6,67,3350,,,,,,,,,,,,,0.0345,0.18,8,0.67
2024-01-30,Tuesday,2,02 Tuesday,Weekday,Google,g_5003,Shopping_All_Products,gad_6003,Best_Sellers,70234,2367,432.1,68,3400,,,,,,,,,,,,,0.0337,0.18,8,0.67
2024-01-27,Saturday,6,06 Saturday,Weekend,Google,g_5003,Shopping_All_Products,gad_6003,Best_Sellers,70123,2356,431.2,68,3400,,,,,,,,,,,,,0.0336,0.18,8,0.68
2024-01-16,Tuesday,2,02 Tuesday,Weekday,Google,g_5003,Shopping_All_Products,gad_6003,Best_Sellers,70123,2378,435.8,69,3450,,,,,,,,,,,,,0.0339,0.18,8,0.67
2024-01-23,Tuesday,2,02 Tuesday,Weekday,Google,g_5003,Shopping_All_Products,gad_6003,Best_Sellers,70234,2389,432.6,69,3450,,,,,,,,,,,,,0.034,0.18,8,0.67
2024-01-06,Saturday,6,06 Saturday,Weekend,Google,g_5003,Shopping_All_Products,gad_6003,Best_Sellers,72345,2378,432.9,69,3450,,,,,,,,,,,,,0.0329,0.18,8,0.67
2024-01-18,Thursday,4,04 Thursday,Weekday,Google,g_5003,Shopping_All_Products,gad_6003,Best_Sellers,71567,2412,442.3,70,3500,,,,,,,,,,,,,0.0337,0.18,8,0.68
2024-01-09,Tuesday,2,02 Tuesday,Weekday,Google,g_5003,Shopping_All_Products,gad_6003,Best_Sellers,73456,2423,441.8,70,3500,,,,,,,,,,,,,0.033,0.18,8,0.68
2024-01-26,Friday,5,05 Friday,Weekday,Google,g_5003,Shopping_All_Products,gad_6003,Best_Sellers,72890,2434,450.2,71,3550,,,,,,,,,,,,,0.0334,0.18,8,0.69
2024-01-11,Thursday,4,04 Thursday,Weekday,Google,g_5003,Shopping_All_Products,gad_6003,Best_Sellers,71234,2456,445.8,71,3550,,,,,,,,,,,,,0.0345,0.18,8,0.68
2024-01-02,Tuesday,2,02 Tuesday,Weekday,Google,g_5003,Shopping_All_Products,gad_6003,Best_Sellers,71234,2456,445.8,71,3550,,,,,,,,,,,,,0.0345,0.18,8,0.68
2024-01-17,Wednesday,3,03 Wednesday,Weekday,Google,g_5003,Shopping_All_Products,gad_6003,Best_Sellers,72456,2489,450.7,72,3600,,,,,,,,,,,,,0.0344,0.18,8,0.68
2024-01-24,Wednesday,3,03 Wednesday,Weekday,Google,g_5003,Shopping_All_Products,gad_6003,Best_Sellers,73456,2501,456.7,73,3650,,,,,,,,,,,,,0.034,0.18,8,0.69
2024-01-25,Thursday,4,04 Thursday,Weekday,Google,g_5003,Shopping_All_Products,gad_6003,Best_Sellers,75234,2567,467.8,75,3750,,,,,,,,,,,,,0.0341,0.18,8,0.7
